indicador,tipo,referencia
consumo_km_l,leve,11.0
consumo_km_l,utilitario,9.5
consumo_km_l,caminhao,5.0
consumo_km_l,carreta,2.6
manutencao_r$_por_km,leve,0.12
manutencao_r$_por_km,utilitario,0.18
manutencao_r$_por_km,caminhao,0.35
manutencao_r$_por_km,carreta,0.55
pedagio_r$_por_km,leve,0.0
pedagio_r$_por_km,utilitario,0.03
pedagio_r$_por_km,caminhao,0.09
pedagio_r$_por_km,carreta,0.16
preco_litro_gasolina,todos,6.3
preco_litro_diesel,todos,6.1
corretiva_max_%,todos,30.0
multas_por_veiculo_mes_max,todos,0.1
pedagio_com_tag_%,todos,100.0
